70694363339,,,
87177200136,,,
71624308306,,,
81069002800,,,
63129102132,,,
81069002803,,,
74447616511,,,
63129112148,,,
74447600843,,,
67341928400,,,
74447617435,K'NEX,"K'nex 17435 Classic Constructions 70 Model Building Set Toy, Multi",
74447656514,,,
74447600858,,,
67341930228,,,
67341930192,,,
67341926713,,,
67341926786,,,
67341930222,,,
67341930229,,,
67341930230,,,
67341928133,,,
67341930223,,,
67341930236,LEGO,The Lego Movie 2 Battle-ready Batman And Metalbeard 70836 Building Kit 168 P...,
67341930234,,,
67341930227,,,
67341923360,,,
67341930130,,,
67341930191,,,
67341920752,,,
67341930131,,,
67341930129,,,
67341930132,,,
67341923289,,,
67341930398,,,
67341930349,,,
67341928195,,,
67341930428,,,
10673419220214,,,
67341930368,,,
67341930397,Lego,Lego City Sky Police Diamond Heist 400 Pcs 60209 Sealed,
67341928261,,,
67341926525,,,
67341926611,,,
67341930235,,,
73697056195,,,
88907096915,,,
88907060371,,,
73697042016,,,
88907098104,,,
73697066009,,,
73697025106,,,
889070981040,MindWare,Q-BA-MAZE 2.0 Starter Sets Rails (Add-on set) by MindWare,3791298
8007905066652,,,
657092745526,The Learning Journey,Techno Gears Marble Mania Alpha 2.0 300+ Pcs,45526
657092454169,,,
889070969154,Mindware,Q-BA-MAZE 2.0: Starter Lights Set,89070969154
736970420165,,,
736970361994,MindWare,Mindware Q-ba-maze Marble Run Starter Set 2.0 - Cool Colours. Free Shipping,6199W
736970561967,,,
736970561905,Pro-Motion Distributing - Direct,Q-ba-maze 2.0 Cascading Marble Refill Se Game,6190W
736970561950,,,
889070356756,Mindware,Q-BA-MAZE 2.0 Marble Catchers,89070356756
736970690681,,,
736970561813,,,
736970660769,MindWare,Q-Ba-Maze 2.0 Spectrum Set,W66076
889070603713,,,
6943478007468,Hape,Hape Quadrilla Vortex Add-on Duel Entry Spiral Marble Run Toy. Shipping Included,
6943478007512,,,
6943478007864,Hape,Hape Loop De Loop Marble Run Quadrilla 129 Pieces,6014
657092454367,,,
889070366359,,,
889070859851,,,
889070969079,Mindware,Paint Your Own Stone (mosaic Flower Pot) - Mindware Free Shipping,WA13788326
889070846295,,,
8007905066706,Quercetti,Quercetti Qa6670 Skyrail Wall,9005709
605168370400,,,
657092508251,The Learning Journey,The Learning Journey Techno Kids Racer Trax,08251
853606003735,,,
858790006104,Tegu,Blossom Magnetic Wooden Blocks Set - 14-Piece,EG14PBSM607T
853606003742,,,
858790006449,Tegu,"Tegu Magnetic Shape Train, Rainbow (TEGTRARBW801T)",RA-RBW-801T
657092345672,,,
657092433126,The Learning Journey,The Learning Journey Techno Gears Dizzy Droid Model Set,33126
657092434338,,,
657092717905,The Learning Journey,Techno Gears 80+ Pieces Construction Moving Rotating Gears Bionic Bug Toy Set 6+,80122448
765023091991,,,
765023792096,Learning Resources,"Gear, Gear, Gear !!Spin and Glow Motorized Building Set",
730658632055,,,
27213104004,"BOLDER KIDS, INC.",Giant Building Block Piece Set 40,040
27213102406,,,
631291189152,Valtech,Magna-Tiles Stardust Set - Ages 3+,8915
631291180296,,,
631291180197,Magna-Qubix,Magna-Qubix 3D Magnetic Building Shapes - 19pc,8019
765023828436,Learning Resources,City Engineering and Design Building Set,65023828436
853606003353,,,
889070169622,Mindware,MindWare Magnetude Teaching Charts and Props,W13709038
847563010097,,,
631291188407,Magna-Tiles,Magna-tiles Freestyle 40 Pcs. - Building Set By Magna-tiles (18840),8840
730658630730,,,
730658630860,Magformers,Boy's Magformers 'Squares' Construction Set,30658630860
730658630976,,,
730658150054,Magformers,Magformers Figure Plus Girl Set - 6pc,2556973
765023092363,,,
730658631379,Magformers,Magformers 63137 Walking Robot 45pc Set,30658631379
730658630921,,,
730658632130,Magformers,Magformers - Vehicle Wow Set - Multi Colored,073065863213
730658632048,,,
730658327036,Magformers,Basic Set - 90 Pieces,30658327036
730658327104,,,
730658327333,Clicformers,Magformers Clicformers Truck 28Pc Construction Toy Set,01011
847563009879,,,
847563009893,Geosmart,Geosmart Geo Space Station 70 pc Box,084756300989
847563009848,,,
842583042646,Toysmith,Construction Set - 70+ Pieces,99673
631291971320,,,
673419302050,LEGO,Lego Classic Windows of Creativity 11004 Building Kit with Toy Doors for Creativ,1004
673419282895,,,
673419282901,LEGO,LEGO 10712 Classic Bricks and Gears,213583
673419232906,LEGOR,Lego Classic - Creative Supplement (10693),73419232906
673419232913,,,
673419292528,LEGO,Lego Brand Campaign Products - World Fun (10403),73419292528
673419292535,,,
673419232890,LEGOR,LEGO Classic Creative Bricks,73419232890
673419233606,,,
673419292542,LEGO,Mission to Mars - Classic - Building Set by Lego (10405),225353
65541808010,,,
887961660449,Mega Bloks,Mega Bloks Thomas Ulfstead Castle,VJ82
887961568356,,,
65541083288,Mega Brands America Inc. - Megabloks - Montreal,Mega Bloks 80 Pcs Bpa Free First Builders Big Building Bag Blocks Figure Pnk,65541083288
65541083271,,,
673419124492,LEGO,LEGO DUPLO® LEGOVille Animal Care 5632,561604
673419301800,,,
673419284004,LEGO,Lego Duplo Train Bridge And Tracks 10872 Building Blocks (26 Piece),0872
673419301916,,,
859422006240,BanBao,BanBao Safari Jeep with Cage Playset,085942200624
673419265461,,,
673419265454,LEGO,Lego Duplo My First - My First Cakes (10850),73419265454
673419250207,,,
673419282611,LEGO,"LEGO Duplo My First Animal Brick Box Set 10863, Multicolor",067341928261
673419274166,,,
8005125148820,Clemmy Plus (18months+),Clemmy Plus Box (30 Pieces),4882
673419301978,,,
673419311885,LEGO,Carnival Thrill Coaster,0771
673419301985,,,
673419302005,LEGO,Toy Story 4 RV Vacation,0769
673419302012,,,
673419279888,LEGO,LEGO 10750 Juniors Road Repair Truck,210212
673419266710,LEGO,LEGO Juniors 10732 Guido and Luigi's Pit Stop,9217262
673419266703,,,
673419266802,LEGOR,LEGO(R) Juniors Willy's Butte Speed Training,9217264
673419281331,,,
673419283137,LEGO,Lego Disney Princess Cinderella's Dream Castle 41154,067341928313
673419283120,,,
673419302876,LEGO,Lego Frozen 2 Arendelle Castle Village 41167 - In Stock,251057
673419301633,,,
673419301619,LEGO,LEGO 41161 Disney Princess Aladdin & Jasmine's Palace,250995
673419301602,,,
673419301626,LEGO,LEGO 41162 Disney Princess Ariel/Aurora/Tiana Celebration,250997
673419267380,,,
673419267397,LEGO,LEGO Classic Red Creativity Box 10707,0707
673419302357,,,
673419283168,LEGO,Disney Lego Rapunzel Traveling Caravan 41157 Tangled Girl Toy Sealed,1157
673419209090,,,
673419266512,LEGO,Lego Creator - Robo Explorer (31062),067341926651
673419302173,,,
682445003206,Nilo?,Nilo 2-Sided Lego Block Mat - Building Sets by Nilo Playtables (110S),110s
682445004708,,,
682445004807,Nilo?,Nilo Block Mats - Pink - 2 - 2-Sided Block Mats,
673419266574,,,
673419266567,LEGOR,Infant Lego Creator 3-In-1 Modular Poolside Holiday Play Set - 31067,73419266567
673419280075,,,
673419284103,LEGOR,Lego Raptor Of Jurassic World: Fallen Kingdom Set 10757 Raptor Rescue Truck,73419284103
673419284110,,,
673419302142,LEGO,"LEGO Creator Race Plane 31094, Multicolor",250791
673419302159,,,
673419282697,LEGO,Lego Mobile Stunt Show 31085,1085
673419266581,LEGOR,Lego Creator Modular In Hand 31069 31068 31067 Lot Of 3 Sets In Hand Nisb,73419266581
673419302166,,,
673419282796,LEGO,LEGO 31084 Creator Pirate Roller Coaster,1084
673419229852,,,
899215002004,CitiBlocs,CitiBlocs 52-Piece Wooden Building Blocks,TB52
8005125148837,,,
899215002035,CitiBlocs,CitiBlocs 300-Piece Wooden Building Blocks,TB300
65541380912,,,
778988112830,SPIN MASTER INC.,Meccanoid G15 Personal Robot,024907
778988138496,,,
724641652106,Schylling,Meccano Erector Evolution Atv Vehicle 2-in-1 In Open Box,072464165210
778988567067,,,
19649233151,Schylling,Steel Works Metal Model Ferris Wheel - Fun Educational Project for STEM Kids - 9,001964923315
744476340481,,,
744476170354,CONNECTOR SET TOY COMPANY,KNEX 3-in-1 Classic Amusement Park Building Set,7035
4006209349700,,,
4006209349656,Fischertechnik,Fishertechnik Power Motor Set 34 965 9 Volt Made Germany Gear Ratio 8 :1,
4006209910870,,,
632323510166,ImagAbility Inc.,"Wedgnetix Wedgnetix Toy, 16 Piece",51016
4006209303429,,,
4006209967805,Fischertechnik,In Box Vintage Fischertechnik Racing 4 Model + Station Basic Set 96780,
4006209967782,,,
4006209967775,fischertechnik,fischertechnik Fun Cars,
4006209462300,,,
632323131156,,mini Wedgits 15 Piece Stack,
632323300132,,,
632323000209,Imagability,Imagability Wedgits 30 Piece Building Stacking Creating Block Set,00020
632323000476,Imagability,Building Board,MG300047
632323000339,,,
744476340412,K'NEX,K'NEX Tabletop Thrills Shark Coaster Building Set,4041
744476152138,,,
887961660067,Mega Bloks,Mega Bloks Building Basics Shape Sorting Wagon,VJ47
744476008589,,,
744476008404,K'NEX,Sawmill Express Lincoln Logs,0840
744476008435,,,
744476786401,K'NEX Education,K'NEX Education - Intro to Structures: Bridges,8640
744476230126,,,
744476152114,K'NEX,K'NEX Intermediate 60 Model Building Set,5211
744476856180,,,
744476174352,K'NEX,K’nex Imagine Classic Construction Building Set ,02/9974
689076609159,,,
8711808808409,Goliath Games,"Goliath Games Domino Express Power Dealer Ages 6+, 1 ea",711808808409
635694111253,,,
635694112502,Zoob,Zoob 250 Piece Modeling System,F11250
744476884473,,,
887961316018,Mega Bloks,Mega Brands,088796131601
673419212199,,,
632323610118,Imagability,Switchbotz Bolt Titanium Series 40 Pieces. Imagability. Huge Saving,
887961620597,,,
697306190247,Brictek Building Blocks,Brictek Yellow - Super Pack 19024 BICY9024 BRICTEK,ICY9024
673419281423,,,
673419303897,LEGO,Lego City Sky Police Diamond Heist 60209 Building Kit (400 Piece),251695
673419303699,,,
673419303019,LEGO,Lego Dock Side Fire,251386
673419237376,,,
673419237369,LEGO,LEGO City Town Straight and Crossroad Plate 7280 Building Kit,B5B9C78
673419303705,LEGO,LEGO 60237 City Curve and Crossroad,0237
673419303903,,,
673419303682,LEGO,Lego City Sky Police Parachute Arrest (60208),251537
673419304290,,,
673419303729,LEGO,Lego City 60206 Sky Police Jet Patrol (4+),0206
673419281263,,,
673419303927,LEGO,Lego City Rover Testing Drive 60225,0225
673419250030,,,
673419303675,LEGO,City Sky Police Drone Chase,251533
673419280822,,,
673419303941,LEGO,LEGO City Lunar Space Station (60227),0227
673419249959,,,
697306190285,BRICTEK BUILDING BLOCKS,Brictek Green - Super Pack 19028,ICY9028
697306190209,,,
697306115103,BRICTEK,School Mini Bus Brictek Building Block Kid Brick Construction Toy Bric Tek 11510,ICY1510
673419303491,,,
673419303033,LEGO,"Lego City Fire Station Building Kit (60215, 509 Pieces)",251400
673419304306,,,
673419304313,LEGO,Not Yet Released New/fac Sealed 2019 Lego City 60234 Fun Fair People Pack Set,0234
673419303507,,,
673419301343,LEGO,LEGO - Jurassic World Dilophosaurus on the Loose 75934,5934
673419281836,,,
673419313674,LEGO,LEGO Jurassic World Triceratops Rampage Set 75937,5937
673419304252,,,
673419267878,LEGOR,Lego The Batman Movie(TM) The Scuttler - 70908,73419267878
673419267137,,,
673419267793,LEGO,Lego Batman Movie Two-face Demolition Set (70915) Set And Batman Minifig Only,73419267793
673419267854,,,
673419303071,LEGO,Lego Super Heroes Batcave Clayface Invasion 76122 Batman Building Kit,6122
673419262309,,,
673419303781,LEGO,LEGO 76137 Super Heroes Batman vs. The Riddler Robbery,251535
673419302777,LEGO,Lego Dc Comics Super Heroes 76117 Batman Mech Vs. Poison Ivy Mech (375 Pcs),251452
673419267144,,,
673419267212,LEGO,Lego BrickHeadz The Hulk,067341926721
673419267168,,,
673419267205,LEGO,Lego Marvel Brickheadz 41591 Black Widow 143pcs In Hand Free Shipping,73419267205
673419267229,,,
673419267236,LEGO,LEGO Brickheadz Captain Armando Salazar - 41594 by LEGO(r),73419267236
673419267151,,,
673419267175,LEGO,LEGO(R) BrickHeadz The Joker(tm),067341926717
673419266116,,,
673419265256,LEGO SYSTEM AS,Lego DC Super Hero Girls Bumblebee Helicopter 142-Piece DC Collectible,1234
673419300193,,,
673419281942,LEGO,Lego 75951 Harry Potter Fantastic Beasts Grindelwald´s Escape Battle,212637
673419281935,,,
673419303064,LEGO,"LEGO Super Heroes Batman, Batwing and The Riddler Heist Set 76120",6120
673419209328,,,
673419254656,LEGO,"LEGO NINJAGO The Lighthouse Siege, 70594",067341925465
673419247702,,,
673419281980,LEGO,Lego Harry Potter Hogwarts Express Including 5 Minifigures Dementor Scabbers,5955
673419281973,,,
673419281959,LEGO,Lego® Fantastic Beasts Newt's Case Of Magical Creatures Building Set 75952,73419281959
8804616952041,,,
673419304344,LEGO,Lego 21150 Minecraft Skeleton Bigfig - Brand,251776
673419302258,,,
673419280914,LEGO,Batman Lego Set 76112 R/c Arkman Batmobil Brand Factory Sealed Ships From Ny,73419280914
887961289152,,,
887961315899,Mega Bloks,Teenage Mutant Turtles - Rocksteady Moto Attack,PF79
887961289367,,,
673419247306,LEGO SYSTEM AS,Lego Nexo Knights Axl's Tower Carrier 70322,0322
887961608601,,,
5902251022143,COBI,Cobi Small Army Howitzer 100pc Building Block Set 2214 - Lego Compatible,214
673419249416,LEGO,Elves Ragana's Magic Shadow Castle #41180,067341924941
673419231701,,,
673419302838,LEGO,LEGO 41374 Friends Andrea's Pool Party,1374
673419248488,,,
673419280037,LEGO,Lego Friends Andrea's Park Performance 41334 Free Shipping,210096
673419248501,,,
673419281195,LEGO,Lego Elves Noctura's Tower & The Earth Fox Rescue,73419281195
673419303460,,,
673419303453,LEGO,"LEGO Friends Stephanie's Heart Box 41356, Multicolor",1356
673419282864,,,
673419303996,LEGO,LEGO Friends Olivia Hamster Playground,1360
673419281140,,,
673419308977,LEGO,LEGO Friends Emma's Vet Clinic,1383
673419302807,,,
673419303590,LEGO,Andrea's Talent Show,251508
673419283502,,,
673419303583,LEGO,Lego Friends Stephanie's Horse Jumping (41367),251505
673419312813,,,
673419303972,LEGOR,LEGO Friends Lighthouse Rescue Center 41380 Building Kit (602 Pieces),1380
673419302845,,,
673419301336,LEGO,Lego Hidden Side Newbury Haunted Hight School Set 70425,0425
673419301275,,,
673419301299,LEGO,LEGO Hidden Side Augmented Reality (AR) El Fuego's Stunt Truck 70421 (428 Pieces,0421
673419301305,,,
673419302715,LEGO,LEGO - Overwatch Hanzo & Genji,5971
673419302180,LEGO,Lego Movie Maker 70820 Factory Sealed Free Us Shipping,250800
673419302227,,,
673419302210,LEGO,LEGO(R) Play Theme 1 LEGO(R) Movie 2,250805
673419308786,,,
673419303439,LEGO,Lego Technic Remote-controlled Stunt Racer 42095 Sealed,251547
673419302364,,,
673419302265,LEGO,Ready To Ship The Lego Movie 2 Set 70827 Ultrakatty & Warrior Lucy,250816
673419302234,,,
673419302241,LEGO,Lego Lego Movie 2 Queen Watevra's Build Whatever Box Set 70825 455 Pcs,250811
673419302203,,,
673419302302,LEGO,LEGO Movie Emmet's Dream House/Rescue Rocket! 70831,250826
673419302296,,,
673419302289,LEGO,The Lego Movie 2 Escape Buggy 70829 Building Kit (549 Piece) Brand Sealed,250821
673419302272,,,
859422006479,Not Applicable,Ravenwolf Towers Episode 2: Bonds Of Blood Dvd,
859422006486,,,
673419302340,LEGO,The Lego Movie 2 Rex’s Rexplorer 70835 -,73419302340
673419301329,,,
673419301268,LEGO,Lego Hidden Side J.b.'s Ghost Lab 70418 In Hand Ready To Ship Immediately,0418
673419301312,,,
673419249287,LEGO,LEGO NexoKnights ULTIMATE Lavaria 70335,73419249287
673419249324,,,
673419249263,LEGO,LEGO NexoKnights ULTIMATE Robin 70333,73419249263
673419249294,,,
851835003779,Laser Pegs,Laser Pegs Classic Stackables,03779
673419272292,,,
673419268592,LEGO,LEGO Technic Power Functions Motor Set 8293,067341926859
673419303217,LEGO,LEGO 42090 Technic Getaway Truck,251438
673419303200,,,
10984088000,Playvisions,"Play Visions 8800 Brick Mat - New, Sealed",
673419233750,,,
673419232845,LEGO,LEGO Classic Green Baseplate 10700,73419232845
673419283380,,,
673419232838,LEGO,LEGO Classic Sand Baseplate,73419232838
673419282307,,,
673419282260,LEGO,LEGO Star Wars Imperial TIE Fighter 519 Piece Set with Tobias for Kids 9-14,73419282260
673419303835,,,
673419282321,LEGO,LEGO Star Wars TM Imperial Conveyex Transport™ 75217,212792
673419304085,,,
673419304153,LEGO,Lego - Disney Star Wars Tie Fighter Attack - 75237 Brand Unopened Free Post,251688
673419281737,,,
673419304160,LEGO,Lego Star Wars Rebel A Wing Starfighter 75247,251690
673419303637,,,
673419281027,LEGOR,Lego Star Wars Imperial Patrol Battle Pack 75207,73419281027
673419304092,,,
673419281645,LEGO,Boy's Lego Star Wars A-Wing Vs. Tie Silencer Microfighters - 38602,067341928164
673419304368,,,
673419239790,LEGO,Constraction Star Wars 7 Obi-Wan Kenobi,067341923979
673419248099,,,
673419249058,LEGO,Lego Star Wars Rey 75113 Model:22183061,73419249058
673419282253,,,
673419303828,LEGO,Lego Star Wars The Revenge Of Sith Droid Gunship 75233 Building Kit 329 Piece,251682
673419281041,,,
673419304078,LEGO,Lego Star Wars Duel On Starkiller Base 75236 - Pre-order,5236
673419304351,LEGO,LEGO Star Wars: A New Hope Death Star Cannon 75246 Building Kit,5246
673419304122,,,
673419248594,LEGOR,Lego 75154 Star Wars Tie Striker Lego Used But 100% Complete,067341924859
673419304429,,,
673419304115,LEGO,Lego Star Wars Action Battle Echo Base Defense 75241 - Pre-order,5241
673419282314,,,
810690029003,Laser Pegs,Laser Pegs Mars Hopper,9000
5292835000651,,,
5292835000903,,,
5292835000460,,,
854268007093,GECKO BLOCKS,"Sticky Building Set For Toddlers. Blocks Stick Together Wet Or Dry, Works In To",
5292835001009,,,
810690024022,Laser Pegs,"Laser Pegs Creatures Scorpion Standoff 170-piece Construction Block Set, Multico",8402
5292835000729,,,
810690028020,Laser Pegs,"Laser Pegs Mars Rover, Toy Vehicle Playsets",8002
5292835000743,,,
5292835000668,,,
810690026033,,,
810690022073,Laser Pegs,Laser Pegs Xtreme ATV,9207
810690029041,,,
810690029058,Laser Pegs,Laser Pegs Mars RH-1 Light-Up Building Block Playset,9005
5292835000941,,,
5292835000705,,,
5292835000620,,,
810690024053,Laser Pegs,"Laser Pegs Creatures Swamp Survival 240-piece Construction Block Set, Multicolor",8405
810690026019,,,
810690026026,Laser Pegs,Laser Pegs Mobile Police Unit with Built-in Motion Activated Sound Module,8602
765023028768,,,
75967701871,"VELCRO USA, INC.","Velcro(R) Blocks(TM) Construction Set-Assorted Sizes, Shapes & Colors 60/Pkg",0187
7290012679391,Edushape,Edushape Edu-Color - 80 pc Firm Foam Blocks,16576
716243096020,,,
716243096044,"GUIDECRAFT, INC.",Guidecraft IO Blocks® Building Toy 59 Piece Travel Set,9604
811802020536,,,
811802024329,Fat Brain Toy Co.,Squigz 2.0 - 36 piece,A212-1
811802023254,,,
811802020543,Fat Brain Toys,Squigz 46 Piece Set Fun Little Suckers Building Toywindows Or Tubs Super Fun,BT-143
865262000096,,,
5292835000644,,,
716243083044,,,
716243083068,"GUIDECRAFT, INC.",Guidecraft Better Builders Emotions - 30 PieceSet,071624308306
716243083020,,,
847563009015,"SMART TOYS AND GAMES, INC",Smartmax 6 Extra Curved Bars,MX101
682317061006,,,
8719831530007,Light Stax,"Light Stax - Hybrid Snapping Crocodile, Konstruktionsspielzeug Toys/spielze",
8719831530021,,,
8719831530045,Stax,Stax Hybrid Roaring Lion,
8719831530014,,,
8719831530083,Stax,Stax Hybrid Flashing Police Car,
8719831530106,,,
765023092936,Learning Resources,"Learning Resources STEM Explorers Geomakers, Assorted Colors, 58 Pieces/Set (LER",ER9293
857598005166,,,
857598005234,Light Stax,"Light Stax Illuminated Blocks, 16-Piece Creative Set",S1201
819441015654,,,
744476565037,K'NEX,Tinkertoy Essentials Value Set (65 Piece),6503
744476565143,,,
772005036,Melissa & Doug,Melissa & Doug Hard Wood Blocks,03
